title,prices,link
Yenidir. Geyinilməyib. Xaricdən gətirilib,70 AZN,lalafo.az/baku/ads/yenidir-geyinilmyib-xaricdn-gtirilib-id-80447046
Tecili satilir Redmi 9 real aliciya endirim olacaq 2 ayin telefonudu,200 AZN,lalafo.az/baku/ads/tecili-satilir-redmi-9-real-aliciya-endirim-olacaq-2-ayin-telefonudu-id-80118920
Nörf tapanca yumuşaq gülleli zerersiz,35 AZN,lalafo.az/baku/ads/norf-tapanca-yumusaq-gulleli-zerersiz-id-80468078
Asus Vivobook F512D CPU - AMD ryzen 3500u clock speed 2.1- 4.2Gh / 8,920 AZN,lalafo.az/baku/ads/asus-vivobook-f512d-cpu-amd-ryzen-3500u-clock-speed-21-42gh-8-id-80367375
"Satılır Ev 4 kv. m, 7 otaqlı",215 000 AZN,lalafo.az/baku/ads/satilir-ev-4-kv-m-7-otaqli-id-49302510
İşlənmiş Samsung Galaxy J3 2016 16 GB ağ,125 AZN,lalafo.az/baku/ads/islnmis-samsung-galaxy-j3-2016-16-gb-ag-id-80477722
İşlənmiş Samsung Galaxy Core 2 8 GB qızılı,80 AZN,lalafo.az/shamkir/ads/islnmis-samsung-galaxy-core-2-8-gb-qizili-id-80484393
İşlənmiş Samsung Galaxy J2 Pro 2018 16 GB qızılı,140 AZN,lalafo.az/masazyr/ads/islnmis-samsung-galaxy-j2-pro-2018-16-gb-qizili-id-80465815
İşlənmiş Samsung Galaxy Grand Dual Sim 8 GB qızılı,35 AZN,lalafo.az/baku/ads/islnmis-samsung-galaxy-grand-dual-sim-8-gb-qizili-id-80450326
Marketoloq. İstənilən yaş. Natamam iş günü,500 AZN,lalafo.az/ordubad/ads/marketoloq-istniln-yas-natamam-is-gunu-parambakudistrict-parambishkekdistrict-id-80679434
İşlənmiş Samsung Galaxy J3 2017,110 AZN,lalafo.az/mingyachevir/ads/islnmis-samsung-galaxy-j3-2017-parammemorycapacity1-paramcolor-id-80467250
Vintilyator.tezedi.tecili pul lazimdi satilir.5 perlidi.salafandadi,40 AZN,lalafo.az/kobu/ads/vintilyatortezeditecili-pul-lazimdi-satilir5-perlidisalafandadi-id-73019804
GRAND GT-I9082 SATILIR.Problemi yoxdur.Isdiyen elaqe saxliya,95 AZN,lalafo.az/mingyachevir/ads/grand-gt-i9082-satilirproblemi-yoxdurisdiyen-elaqe-saxliya-id-80514772
Samsung,150 AZN,lalafo.az/akhsu/ads/samsung-id-80474459
Kofta geynilib səliqəli temiz qalıb 38 40 razmere olar ucuz malarımız,5 AZN,lalafo.az/baku/ads/kofta-geynilib-sliqli-temiz-qalib-38-40-razmere-olar-ucuz-malarimiz-id-80679505
"Hovuzlar | Mozaika, Fontan, Filter quraşdırılması",505 AZN,lalafo.az/govsany/ads/hovuzlar-mozaika-fontan-filter-qurasdirilmasi-id-80679404
Yeni Samsung A51 64 GB Göy,500 AZN,lalafo.az/baku/ads/yeni-samsung-a51-64-gb-goy-id-80502342
Marketoloq. İstənilən yaş. Natamam iş günü,30 AZN,lalafo.az/ordubad/ads/marketoloq-istniln-yas-natamam-is-gunu-parambakudistrict-parambishkekdistrict-id-80679469
İşlənmiş Samsung Galaxy J3 2017 qara,85 AZN,lalafo.az/govsany/ads/islnmis-samsung-galaxy-j3-2017-parammemorycapacity1-qara-id-80515582
3 eded qapi uzunu 2m eni 90sm unvan kohne suraxani biri 85,400 AZN,lalafo.az/masazyr/ads/3-eded-qapi-uzunu-2m-eni-90sm-unvan-kohne-suraxani-biri-85-id-80679377
Palto teze,100 AZN,lalafo.az/kobu/ads/palto-teze-id-80679358
İşlənmiş Samsung Galaxy J2 2016 8 GB ağ,5 AZN,lalafo.az/baku/ads/islnmis-samsung-galaxy-j2-2016-8-gb-ag-id-80466793
5 Azn yaxshi veziyetdedir razmer s m gedir,8 AZN,lalafo.az/baku/ads/5-azn-yaxshi-veziyetdedir-razmer-s-m-gedir-id-80679468
"Selqeli vezyetdedir
Catirilma ehmedli metrosu",30 AZN,lalafo.az/govsany/ads/selqeli-vezyetdedir-catirilma-ehmedli-metrosu-id-80679312
Perde tezedi.altdigida var.tulude var.ayri ayri,260 AZN,lalafo.az/kobu/ads/perde-tezedialtdigida-vartulude-varayri-ayri-id-72268423
Uqlavoy divan acilir bazalidi qiymeti 260azn unvan xirdalan*Tehmine,280 AZN,lalafo.az/baku/ads/uqlavoy-divan-acilir-bazalidi-qiymeti-260azn-unvan-xirdalantehmine-id-80679508
Xaski.Husky.İt çox yaxşı itdir.Cinsi Layka Malamut. Senetde de ele q,110 AZN,lalafo.az/masazyr/ads/xaskihuskyit-cox-yaxsi-itdircinsi-layka-malamut-senetde-de-ele-q-id-80678984
"Samsung j2.
Super vəziyyətdədir
Aşağı yeri var",650 AZN,lalafo.az/baku/ads/samsung-j2-super-vziyytddir-asagi-yeri-var-id-80663296
İşlənmiş Samsung A80 128 GB ağ,8 AZN,lalafo.az/sumgaiyt/ads/islnmis-samsung-a80-128-gb-ag-id-80505224
Şalvarlar,160 AZN,lalafo.az/dzhejranbatan/ads/salvarlar-id-80679362
İşlənmiş Samsung A20 32 GB qara,500 AZN,lalafo.az/ashagy-gyuzdek/ads/islnmis-samsung-a20-32-gb-qara-id-80515865
Şəbəkə marketinqi məsləhətçisi. İstənilən yaş. Natamam iş günü,190 AZN,lalafo.az/oguz/ads/sbk-marketinqi-mslhtcisi-paramvacancycompany-istniln-yas-natamam-is-gunu-parambakudistrict-parambishkekdistrict-id-80679150
Samsung Galaxy J6 Plus 32 GB,230 AZN,lalafo.az/baku/ads/paramcondition-samsung-galaxy-j6-plus-32-gb-paramcolor-id-80519054
Yeni Samsung Galaxy Note 4 32 GB qara,20 AZN,lalafo.az/baku/ads/yeni-samsung-galaxy-note-4-32-gb-qara-id-80521815
Tumba.teze qalib,30 AZN,lalafo.az/kobu/ads/tumbateze-qalib-id-73020521
"Zara Girls Casual Collection, 13-14yash, 164cm",250 AZN,lalafo.az/baku/ads/zara-girls-casual-collection-13-14yash-164cm-id-80679271
Acilan masa ve 6 eded oturacaq 250 azn unvan masazir &arzu,300 AZN,lalafo.az/baku/ads/acilan-masa-ve-6-eded-oturacaq-250-azn-unvan-masazir-amparzu-id-80679451
İşlənmiş Samsung A40 64 GB qara,120 AZN,lalafo.az/shamakha/ads/islnmis-samsung-a40-64-gb-qara-id-80535056
İşlənmiş Samsung Galaxy J3 2018 8 GB qızılı,100 AZN,lalafo.az/baku/ads/islnmis-samsung-galaxy-j3-2018-8-gb-qizili-id-80510167
J3 2016.yaddaş 8gb.yaxşı veziyyetdedi.2 ci telefon kimi işdenib.Qutusu,220 AZN,lalafo.az/baku/ads/j3-2016yaddas-8gbyaxsi-veziyyetdedi2-ci-telefon-kimi-isdenibqutusu-id-80568179
Samsung galaxy Note 4 + əla vəziyətdədir 32 gb 3 ram heç bir prablemi,500 AZN,lalafo.az/baku/ads/samsung-galaxy-note-4-la-vziytddir-32-gb-3-ram-hec-bir-prablemi-id-80521398
"Lego marvel ps 4
Barter var",300 AZN,lalafo.az/guba/ads/lego-marvel-ps-4-barter-var-id-80679437
